id,name,age,city,department,salary,join_date
1,Ali Khan,28,Lahore,Engineering,85000,2021-03-15
2,Sara Ahmed,34,Karachi,Marketing,72000,2019-07-01
3,Usman Raza,41,Islamabad,Finance,95000,2016-11-20
4,Ayesha Malik,26,Lahore,Design,65000,2022-01-10
5,Hamza Sheikh,31,Faisalabad,Engineering,88000,2020-05-25
6,Fatima Noor,29,Multan,HR,60000,2021-09-12
7,Bilal Hussain,38,Rawalpindi,Sales,78000,2018-02-05
8,Zainab Iqbal,33,Karachi,Finance,92000,2017-08-30
9,Omar Farooq,45,Islamabad,Management,120000,2014-04-18
10,Hira Tariq,27,Lahore,Marketing,68000,2022-06-22
